{
  "TTW": 0.28872,
  "TTW2016PreVFP": 0.28872,
  "TTW2016PostVFP": 0.28872,
  "TTW2017": 0.28872,
  "TTW2018": 0.28872
}
